<?xml version="1.0" encoding="UTF-8" standalone="yes"?>
<manifest>
  <control namespace="jPCF" constructor="GoogleMapsGrid" version="0.0.2" display-name-key="GoogleMapsGrid_Display_Key" description-key="GoogleMapsGrid_Desc_Key" control-type="standard" preview-image="images/gmaps_thumb.png" api-version="1.2.1">
    <data-set name="mapDataSet" display-name-key="mapDataSet_Display_Key"/>
    <property name="primaryFieldName" display-name-key="MapGrid_primaryField_Display_Key" description-key="MapGrid_primaryField_Desc_Key" of-type="SingleLine.Text" usage="input" required="true" default-value="name"/>
    <property name="latFieldName" display-name-key="MapGrid_latField_Display_Key" description-key="MapGrid_latField_Desc_Key" of-type="SingleLine.Text" usage="input" required="true" default-value="address1_latitude"/>
    <property name="longFieldName" display-name-key="MapGrid_longField_Display_Key" description-key="MapGrid_longField_Desc_Key" of-type="SingleLine.Text" usage="input" required="true" default-value="address1_longitude"/>
    <property name="googleMapsAPIKey" display-name-key="MapGrid_googleMapsAPIKey_Display_Key" description-key="MapGrid_googleMapsAPIKey_Desc_Key" of-type="SingleLine.Text" usage="input" required="true"/>
    <resources>
      <code path="bundle.js" order="1"/>
      <css path="css/GoogleMapsGrid.css" order="1"/>
      <resx path="strings/GoogleMapsGrid.1033.resx" version="1.0.0"/>
    </resources>
    <built-by name="pac" version="1.0.6"/>
  </control>
</manifest>